<app>
  <id>com.pakee.pakee</id>
  <name>Pakee</name>
  <version>1.2</version>
  <description>Media from Pakistan channels</description>
  <thumb>http://pakee.hopto.org/pakee/pakee.jpg</thumb>
  <repository>http://pakee.hopto.org/pakee/boxeerepo</repository>
  <repositoryid>com.pakee</repositoryid>
  <media>video</media>
  <copyright>boxee</copyright>
  <email>support@boxee.tv</email>
  <type>skin</type>
  <startWindow>start</startWindow>
  <platform>all</platform>
  <minversion>1.2</minversion>
</app>
