<?xml version="1.0"?>
<window type="window" id="14000">
    <defaultcontrol always="true">9001</defaultcontrol>
    <allowoverlay>no</allowoverlay>   
   <onload lang="python"><![CDATA[

initial=mc.GetApp().GetLocalConfig().GetValue("pakee_initial")
if 'True' in initial:
	mc.GetApp().GetLocalConfig().SetValue("pakee_play_mode",'singlevideo')
	mc.GetApp().GetLocalConfig().SetValue("pakee_prev_path", '')
	mc.GetApp().GetLocalConfig().SetValue("pakee_default_skin", 'True')
	mc.GetApp().GetLocalConfig().SetValue("pakee_yt_pagesize", '25')
	initial=mc.GetApp().GetLocalConfig().SetValue("pakee_initial",'False')
	hostip =mc.GetApp().GetLocalConfig().GetValue("hostip")

if hostip == '':
	mc.ShowDialogOk("Error", "No Plex media server details provided. Please set Plex server host/IP address using settings sidebar on the left.")


#Select correct playlist button
playmode = mc.GetApp().GetLocalConfig().GetValue("pakee_play_mode")
if 'singlevideo' in playmode:
	mc.GetActiveWindow().GetToggleButton(8007).SetSelected(True)
	mc.GetActiveWindow().GetToggleButton(8008).SetSelected(False)
	mc.GetActiveWindow().GetToggleButton(8009).SetSelected(False)
elif 'videoplaylist' in playmode:
	mc.GetActiveWindow().GetToggleButton(8007).SetSelected(False)
	mc.GetActiveWindow().GetToggleButton(8008).SetSelected(True)
	mc.GetActiveWindow().GetToggleButton(8009).SetSelected(False)
elif 'audioplaylist' in playmode:
	mc.GetActiveWindow().GetToggleButton(8007).SetSelected(False)
	mc.GetActiveWindow().GetToggleButton(8008).SetSelectedected(False)
	mc.GetActiveWindow().GetToggleButton(8009).SetSelected(True)

#Select correct youtube pagesize button
ytpagesize = mc.GetApp().GetLocalConfig().GetValue("pakee_yt_pagesize")
if '25' in ytpagesize:
	mc.GetActiveWindow().GetToggleButton(8030).SetSelected(True)
	mc.GetActiveWindow().GetToggleButton(8035).SetSelected(False)
else:
	mc.GetActiveWindow().GetToggleButton(8035).SetSelected(True)
	mc.GetActiveWindow().GetToggleButton(8030).SetSelected(False)

#select correct background image
mc.ShowDialogWait()
skin = mc.GetApp().GetLocalConfig().GetValue("pakee_default_skin")
image = mc.GetActiveWindow().GetImage(7001)
if skin:
	path = mc.GetApp().GetAppMediaDir() + "/media/ba_background.jpg"
else:
	path = mc.GetApp().GetAppMediaDir() + "/media/ba_background_cricket.jpg"
image.SetTexture(path)
mc.HideDialogWait()
]]></onload>
 
    <controls>

<control type="group">
				<posx>500</posx>
				<posy>300</posy>
				<control type="multiimage">
					<description>loading control</description>
					<visible>Container(9001).IsLoading + !Window.IsVisible(DialogProgress.xml)</visible>
					<animation effect="fade" time="200">VisibleChange</animation>
					<posx>38</posx>
					<posy>6</posy>
					<width>200</width>
					<height>200</height>
					<imagepath>loading</imagepath>
					<timeperimage>80</timeperimage>
					<fadetime>10</fadetime>
					<pauseatend>0</pauseatend>
					<randomize>false</randomize>
					<loop>yes</loop>
					<aspectratio>keep</aspectratio>
				</control>
				<control type="label">
					<posx>0</posx>
					<posy>0</posy>
					<width>280</width>
					<height>20</height>
					<font>light23</font>
					<align>center</align>
					<aligny>center</aligny>
					<label>Loading...</label>
					<textcolor>white</textcolor>
					<visible>Container(9001).IsLoading</visible>
				</control>
			</control>



      <control type="group" id="9000">
            <control type="image" id="7001">		
                <posx>0</posx>
                <posy>0</posy>
                <width>1280</width>
                <height>720</height>
                <texture>ba_background.jpg</texture>
            </control>
	    <control type="label">
		<posx>145</posx>
		<posy>45</posy>
		<width>302</width>
		<height>70</height>
		<font>serif48b</font>
		<align>left</align>
		<aligny>top</aligny>
		<label>Plexee</label>
		<textcolor>green</textcolor>
	     </control>

           <!-- <control type="image" id="7002">		
                <posx>0</posx>
                <posy>0</posy>
                <width>1280</width>
                <height>720</height>
                <texture>ba_overlay.png</texture>
            </control> -->
						<!-- <control type="label">
							<visible>Player.HasMedia + !Window.IsVisible(DialogProgress.xml)</visible>
							<posx>58</posx>
							<posy>0</posy>
							<width>302</width>
							<height>70</height>
							<font>light28</font>
							<align>left</align>
							<aligny>top</aligny>
							<label>$INFO[Container(9001).ListItem.Title][CR]$INFO[Container(9001).ListItem.Label]</label>
							<textcolor>FFFF9900</textcolor>
							<wrapmultiline>true</wrapmultiline>
						</control> -->

	   <!-- <control type="fadelabel">
		<visible>Player.HasMedia + !Window.IsVisible(DialogProgress.xml) + !IsEmpty(VideoPlayer.Title)</visible>
		<posx>90</posx>
		<posy>20</posy>
		<width>185</width>
		<height>20</height>
		<font>title20b</font>
		<align>left</align>
		<aligny>center</aligny>
		<label>Playing item title: $INFO[VideoPlayer.Title]</label>
		<textcolor>black</textcolor>
		<scroll>true</scroll>
		<scrollout>false</scrollout>
		<scrollspeed>40</scrollspeed>
		<pauseatend>4000</pauseatend>
	    </control> -->


	    <control type="button" id="9003">
		<posx>320</posx>
		<posy>150</posy>
		<width>33</width>
		<height>33</height>
		<onleft>9002</onleft>
		<onright>9004</onright>
		<onup>-</onup>
		<ondown>9001</ondown>
		<label>Search Youtube</label>
		<texturenofocus>youtube.png</texturenofocus>
		<texturefocus>youtube.png</texturefocus>
		<textcolor>green</textcolor>
		<focusedcolor>yellow</focusedcolor>
		<font>font21</font>
		<align>left</align>
		<textoffsetx>40</textoffsetx>
		<onclick>SaveWindowState</onclick>
		<onclick>App.SetString(search,,Enter youtube search term...)</onclick>
		<onclick lang="python"><![CDATA[
import mc
import xbmc
import xbmcgui
import urllib
ytpagesize = mc.GetApp().GetLocalConfig().GetValue("pakee_yt_pagesize")
search = xbmc.getInfoLabel('App.String(search)')
if search:
	mc.ShowDialogWait()
	url = 'rss://pakee.hopto.org/pakee/getYoutubePlaylistQuick.php?queryyt=' + urllib.quote_plus( search ) + '&pagesize=' + ytpagesize 

	xmlitems = mc.GetDirectory(url)
	# mc.GetActiveWindow().GetList(9001).SetItems(xmlitems)
	mc.GetActiveWindow().GetList(9001).SetContentURL(url)	

	mc.GetApp().GetLocalConfig().SetValue("search", "")
	mc.HideDialogWait()

]]></onclick>

   	   </control>


	    <control type="button" id="9004">
		<posx>570</posx>
		<posy>150</posy>
		<width>33</width>
		<height>33</height>
		<onleft>9003</onleft>
		<onright>9005</onright>
		<onup>-</onup>
		<ondown>9001</ondown>
		<label>User uploads/playlists</label>
		<texturenofocus>youtube.png</texturenofocus>
		<texturefocus>youtube.png</texturefocus>
		<textcolor>green</textcolor>
		<focusedcolor>yellow</focusedcolor>
		<font>font21</font>
		<align>left</align>
		<textoffsetx>40</textoffsetx>
		<onclick>SaveWindowState</onclick>
		<onclick lang="python"><![CDATA[
import mc

user = mc.GetApp().GetLocalConfig().GetValue("user")
ytpagesize = mc.GetApp().GetLocalConfig().GetValue("pakee_yt_pagesize")
if user:
	mc.ShowDialogWait()
	url = 'rss://pakee.hopto.org/pakee/getYoutubePlaylistQuick.php?id=' + user + '&pagesize=' + ytpagesize
	#mc.GetWindow(14000).PopToState(1)

	xmlitems = mc.GetDirectory(url)
	# mc.GetActiveWindow().GetList(9001).SetItems(xmlitems)
	mc.GetActiveWindow().GetList(9001).SetContentURL(url)
	mc.HideDialogWait()	

else:
	mc.ShowDialogOk("Error", "No youtube Username provided. Please set username using settings sidebar on the left.")

]]></onclick>

   	   </control>

	    <control type="button" id="9005">
		<posx>885</posx>
		<posy>150</posy>
		<width>33</width>
		<height>33</height>
		<onleft>9004</onleft>
		<onright>-</onright>
		<onup>-</onup>
		<ondown>9001</ondown>
		<texturenofocus>youtube.png</texturenofocus>
		<texturefocus>youtube.png</texturefocus>
		<label>User favorites</label>
		<textcolor>green</textcolor>
		<focusedcolor>yellow</focusedcolor>
		<font>font21</font>
		<align>left</align>
		<textoffsetx>40</textoffsetx>
		<onclick>SaveWindowState</onclick>
		<onclick lang="python"><![CDATA[
import mc

user = mc.GetApp().GetLocalConfig().GetValue("user")
ytpagesize = mc.GetApp().GetLocalConfig().GetValue("pakee_yt_pagesize")
if user:
	mc.ShowDialogWait()
	url = 'rss://pakee.hopto.org/pakee/getYoutubePlaylistQuick.php?id=' + user + '&favorites=1&pagesize=' + ytpagesize
	#mc.GetWindow(14000).PopToState(1)
	xmlitems = mc.GetDirectory(url)
	# mc.GetActiveWindow().GetList(9001).SetItems(xmlitems)
	mc.GetActiveWindow().GetList(9001).SetContentURL(url)
	mc.HideDialogWait()
else:
	mc.ShowDialogOk("Error", "No youtube Username provided. Please set username using settings sidebar on the left.")

]]></onclick>


   	   </control>
            
            <control type="fixedlist" id="9001">
				<posx>15</posx>
				<posy>230</posy>
				<width>800</width>
				<height>450</height>
				<visible>true</visible>
				<onup>9002</onup>
				<ondown>-</ondown>
				<onright>6000</onright>
				<onleft>8003</onleft>
				<orientation>vertical</orientation>						
				<itemlayout height="50">
				
					<control type="label">
						<posx>30</posx>
						<posy>0</posy>
						<!--<width>450</width>-->
						<width>385</width>
						<height>50</height>
						<font>font26</font>
						<align>left</align>
						<aligny>center</aligny>
						<label>$INFO[ListItem.Label]</label>
						<textcolor>green</textcolor>
					</control>									
				</itemlayout>
				
				
				<focusedlayout height="50">
					<control type="label">
						<posx>30</posx>
						<posy>0</posy>
						<!--<width>450</width>-->
						<width>385</width>
						<height>50</height>
						<font>font26b</font>
						<align>left</align>
						<aligny>center</aligny>
						<label>[B]$INFO[ListItem.Label][/B]</label>
						<textcolor>green</textcolor>
						<scroll>true</scroll>												
					</control>
					
					
					
				</focusedlayout>

				
				<content type="url" url="http://pakee.hopto.org/pakee/plexee.xml">
					<onclick>SaveWindowState</onclick>					
					<onclick lang="python"><![CDATA[
import xbmc
import urllib
import time
import operator
import string

#get path of item selected by user to determine what to do with it
list = mc.GetActiveWindow().GetList(9001)
item = list.GetItem(list.GetFocusedItem())
path = item.GetPath()
ytpagesize = mc.GetApp().GetLocalConfig().GetValue("pakee_yt_pagesize")
hostip = mc.GetApp().GetLocalConfig().GetValue("hostip")

if path == '[PLEXEE]':
	path = "http://pakee.hopto.org/pakee/getPlexPlaylist.php?id=" + str(hostip)
	item.SetPath(path)

mc.ShowDialogNotification('path is: ' + item.GetPath())

#check if items are images
if path[-4:]=='.jpg' or path[-4:]=='.gif' or path[-4:]=='.png':
#if 'generateFacebookAlbum.php' in path and 'albumid=' in path:
	type='image'
else:
	type='nonimage'


#save this path in case the user changes the sort order, requiring a page refresh
mc.GetApp().GetLocalConfig().SetValue("pakee_prev_path", path)

#plex media files
if '/library/parts/' in path:
	#mc.GetActiveWindow().PopState(False)
	mc.GetPlayer().PlayWithActionMenu(item)

#news headlines
elif 'getDunyaHeadlines.php?file=' in path:
	#mc.GetActiveWindow().PopState(False)
	mc.GetPlayer().PlayWithActionMenu(item)

#rss feed
elif 'pakee.hopto.org' in path:
	mc.ShowDialogWait()

	url = item.GetPath()
	
	#youtube search: use yt pagesize param from config
	if 'getYoutubePlaylistQuick.php' in path:
		url = url + '&pagesize=' + ytpagesize

	#Generating episodes of show: use sort order param from config
	if 'generateShowFeedDB.php' in path:
		toggle = mc.GetActiveWindow().GetToggleButton(8003)					
		if toggle.IsSelected():
			#mc.ShowDialogNotification('Requesting ascending order')
			url = url + '&sortorder=a'		


	#Fetch new listitems from rss feed and update list
	#Using both SetItems() and SetContentURL() so loading image shown and window state is saved for 'back' functionality  
	xmlitems = mc.GetDirectory(url)
	mc.GetActiveWindow().GetList(9001).SetContentURL(url)
	#mc.GetActiveWindow().GetList(9001).SetItems(xmlitems)	


	mc.HideDialogWait()

elif 'zshare' in path:
	path = 'http://www.zshare.net/videoplayer/player.php?SID=dl052&FID=75465066&FN=_Suppiido-Fansubs__Dragon_Ball_Kai_001v2__9506ECFD_.avi.flv&iframewidth=718&iframeheight=480&width=550&height=425'
	#path = path + '&bx-jsactions=http%3A%2F%2Fanyascakes.com%2Fpakee%2Fdomain.js'
	itema = mc.ListItem(mc.ListItem.MEDIA_VIDEO_OTHER)
	itema.SetLabel('zshare test')
	itema.SetContentType('application/x-shockwave-flash')
	mc.ShowDialogNotification("zshare found: " + path)
	params = {'src':path , 'bx-jsactions':"http://pakee.hopto.org/pakee/domain.js"}
	itema.SetPath('flash://zshare.net/' + urllib.urlencode(params))
	#mc.GetActiveWindow().PopState(False)
	mc.GetPlayer().PlayWithActionMenu(item)

# path is link to picture: put all items in slideshow, without shuffling,, at the selected item, and start slideshow mode
elif type=='image':
	mc.GetPlayer().PlaySlideshow(list.GetItems(), False, True, str(list.GetFocusedItem()), True)

# path is link to a video
else:
	

	# check which mode is selected in the settings in the left sidebar
	playmode = mc.GetApp().GetLocalConfig().GetValue("pakee_play_mode")

	# if single video mode, just bring up the play action menu
	if 'singlevideo' in playmode:
		mc.GetActiveWindow().PopState(False)
		mc.GetPlayer().PlayWithActionMenu(item)
	else:


		# create playlist in order videos appear in list (top to down)
		mc.GetActiveWindow().PopState(False)
		items = mc.GetActiveWindow().GetList(9001).GetItems()
		if mc.GetPlayer().IsPlaying():
			mc.GetPlayer().Stop()

		if playmode == 'videoplaylist':
			playlist = mc.PlayList(mc.PlayList.PLAYLIST_MUSIC)
			mc.ShowDialogNotification('Starting video playlist from item: ' + item.GetLabel())
		elif playmode == 'audioplaylist':
			playlist = mc.PlayList(mc.PlayList.PLAYLIST_VIDEO)
			mc.ShowDialogNotification('Starting audio playlist from item: ' + item.GetLabel())
		
		playlist.Clear()
		totaltime = 0
		itemnum = 0

		#create a playlist of all items in list
		for tempitem in items:
			#keep running count of total video length for user-selected video onwards
			if itemnum >= list.GetFocusedItem():
				if len(tempitem.GetProperty('duration')) > 0 and tempitem.GetProperty('duration')[0] != ' ':
					dur = int(tempitem.GetProperty('duration').split(' ')[0])
				else:
					dur = 0
				totaltime = totaltime + dur
			itemnum = itemnum + 1
			plitem = mc.ListItem(mc.ListItem.MEDIA_VIDEO_CLIP)
			plitem.SetTitle(tempitem.GetTitle())
			plitem.SetPath(tempitem.GetPath())
			plitem.SetLabel(tempitem.GetLabel())
			plitem.SetStarRating(tempitem.GetStarRating())
			plitem.SetDuration(tempitem.GetDuration())
			plitem.SetThumbnail(tempitem.GetThumbnail())
			plitem.SetDescription(tempitem.GetDescription(), True)
			#print ('Pakee: creating pl item: ' + tempitem.GetTitle() + ' ' + tempitem.GetLabel() + ' ' + tempitem.GetPath() + ' ' + str(tempitem.GetStarRating()))
			#playlist.Add(plitem)
			playlist.Add(tempitem)

		mc.ShowDialogNotification('Playlist running time is ' + str(totaltime) + ' min')


		#start the playlist from the selected video onwards
		playlist.Play(list.GetFocusedItem())

		# for audio mode, exit the player by simulating 'Esc'
		if 'audioplaylist' in playmode:
			time.sleep(5)
			xbmc.executehttpapi("SendKey(275)")			


]]>
					</onclick>

				</content>
				
			</control>
			
			
			<control type="group">
				
				<control type="image" id="10001">
					<posx>560</posx>
					<posy>215</posy>
					<width>355</width>
					<height>200</height>
					<aspectratio>keep</aspectratio>
					<texture>$INFO[Container(9001).ListItem.Thumb]</texture>
					<animation effect="fade" start="0" end="100" time="150">VisibleChange</animation>
				</control>
				<control type="label" id="10002">
					<visible>true</visible>
					<posx>975</posx>
					<posy>235</posy>
					<width>415</width>
					<height>35</height>
					<font>light21</font>
					<align>left</align>
					<aligny>top</aligny>
					<label>$INFO[Container(9001).ListItem.property(custom:viewcount)]</label>
					<textcolor>green</textcolor>
					<wrapmultiline>false</wrapmultiline>
				</control>
				<control type="label" id="10003">
					<visible>true</visible>
					<posx>975</posx>
					<posy>275</posy>
					<width>415</width>
					<height>35</height>
					<font>light21</font>
					<align>left</align>
					<aligny>top</aligny>
					<label>$INFO[Container(9001).ListItem.property(custom:duration)]</label>
					<textcolor>green</textcolor>
					<wrapmultiline>false</wrapmultiline>
				</control>
				<control type="image" id="10004">
					<visible>!IsEmpty(container(9001).ListItem.property(custom:rating))</visible>
					<posx>975</posx>
					<posy>315</posy>
					<width>105</width>
					<height>20</height>
					<aspectratio>stretch</aspectratio> 
				        <texture>icon_rating_star_$INFO[Container(9001).ListItem.property(videorating)].png</texture> 
				</control>
				<control type="label" id="10005">
					<visible>true</visible>
					<posx>975</posx>
					<posy>355</posy>
					<width>415</width>
					<height>35</height>
					<font>light21</font>
					<align>left</align>
					<aligny>top</aligny>
					<label>$INFO[Container(9001).ListItem.property(custom:releasedate)]</label>
					<textcolor>green</textcolor>
					<wrapmultiline>false</wrapmultiline>
				</control>

				<control type="textbox">
					<visible>!IsEmpty(container(9001).ListItem.Thumb) | !IsEmpty(container(9001).ListItem.property(description))</visible>
					<posx>585</posx>
					<posy>425</posy>
					<width>625</width>
					<height>260</height>
					<font>light21</font>
					<align>left</align>
					<aligny>top</aligny>
					<label>$INFO[Container(9001).ListItem.Label] [CR] $INFO[Container(9001).ListItem.property(description)]</label>
					<textcolor>green</textcolor>
					<!--<selectedcolor>ff707070</selectedcolor>
					<wrapmultiline>true</wrapmultiline>-->
					<autoscroll delay="1500" time="1000" repeat="1500">true</autoscroll>
				</control>
			</control>

			
        
        </control>


	<!-- side bar definition -->
	<control type="group" id="8000"> 
	    <include>BrowseLeftMenuAnimation</include>  
	    <include>BrowseLeftMenuBackground</include> 
			<onright>9000</onright>
			<onup>-</onup>
			<ondown>-</ondown>

	                                                
	    <control type="grouplist">                   
	        <include>BrowseLeftMenu</include>        
		<orientation>vertical</orientation>
		 <usecontrolcoords>false</usecontrolcoords>
			<posx>90</posx>
			<posy>50</posy>
			<itemgap>50</itemgap>


	        <control type="label" id="8001">
	            <include>BrowseLeftMenuTitle</include>   
	            <label>[UPPERCASE]Settings[/UPPERCASE]</label>
	        </control>



	        <control type="label" id="8002">
	            <include>BrowseLeftMenuTitle</include>   
	            <label>TV Shows Sort Order:</label>
	        </control>

	    <control type="togglebutton" id="8003">
		<width>245</width>
		<textoffsetx>5</textoffsetx>
	       <label>Latest uploads first</label>
	       <altlabel>Earliest uploads first</altlabel>
	       <font>font21</font>
	       <align>left</align>
	       <textcolor>grey</textcolor>
	       <focusedcolor>white</focusedcolor>
	       <onclick lang="python"><![CDATA[
path = mc.GetActiveWindow().GetList(9001).GetItem(2).GetPath()
if 'youtube.com' in path:
	mc.ShowDialogWait()
	prevpath = mc.GetApp().GetLocalConfig().GetValue("pakee_prev_path")
	url = prevpath + '&sortorder=a'
	#mc.ShowDialogNotification(url)
	xmlitems = mc.GetDirectory(url)
	# mc.GetActiveWindow().GetList(9001).SetItems(xmlitems)
	mc.GetActiveWindow().GetList(9001).SetContentURL(url)

	mc.HideDialogWait()

]]></onclick>
	       <altclick lang="python"><![CDATA[
path = mc.GetActiveWindow().GetList(9001).GetItem(2).GetPath()
if 'youtube.com' in path:
	mc.ShowDialogWait()
	prevpath = mc.GetApp().GetLocalConfig().GetValue("pakee_prev_path")
	url = prevpath
	#mc.ShowDialogNotification(url)
	xmlitems = mc.GetDirectory(url)
	# mc.GetActiveWindow().GetList(9001).SetItems(xmlitems)
	mc.GetActiveWindow().GetList(9001).SetContentURL(url)

	mc.HideDialogWait()


]]></altclick>
	    </control>



	        <control type="label" id="8006">
	            <include>BrowseLeftMenuTitle</include>   
	            <label>Play mode:</label>
	        </control>


	   	 <control type="togglebutton" id="8007">
			<textoffsetx>5</textoffsetx>
			<include>BrowseLeftMenuToggle</include>
			<selectedcolor>ff707070</selectedcolor>
			<label>Play single video</label>
			<width>245</width>
			<textcolor>grey</textcolor>
			<focusedcolor>white</focusedcolor>
			<font>font21</font>
			<align>left</align>
			<onclick lang="python"><![CDATA[
mc.GetApp().GetLocalConfig().SetValue("pakee_play_mode", 'singlevideo')
mc.GetActiveWindow().GetToggleButton(8008).SetSelected(False)
mc.GetActiveWindow().GetToggleButton(8009).SetSelected(False)

]]></onclick>
	 	 
		 </control>
	   	 <control type="togglebutton" id="8008">
			<textoffsetx>5</textoffsetx>
			<include>BrowseLeftMenuToggle</include>
			<label>Start video playlist</label>
			<width>245</width>
			<textcolor>grey</textcolor>
			<focusedcolor>white</focusedcolor>
			<font>font21</font>
			<align>left</align>
			<onclick lang="python"><![CDATA[
mc.GetApp().GetLocalConfig().SetValue("pakee_play_mode", 'videoplaylist')
mc.GetActiveWindow().GetToggleButton(8007).SetSelected(False)
mc.GetActiveWindow().GetToggleButton(8009).SetSelected(False)

]]></onclick>
	 	 
		 </control>
	   	 <control type="togglebutton" id="8009">
			<textoffsetx>5</textoffsetx>
			<include>BrowseLeftMenuToggle</include>
			<label>Start audio playlist</label>
			<width>245</width>
			<textcolor>grey</textcolor>
			<focusedcolor>white</focusedcolor>
			<font>font21</font>
			<align>left</align>
			<onclick lang="python"><![CDATA[
mc.GetApp().GetLocalConfig().SetValue("pakee_play_mode", 'audioplaylist')
mc.GetActiveWindow().GetToggleButton(8007).SetSelected(False)
mc.GetActiveWindow().GetToggleButton(8008).SetSelected(False)

]]></onclick>
	 	 
		 </control>

	        <control type="label" id="8015">
	            <include>BrowseLeftMenuTitle</include>   
	            <label>Skin:</label>
	        </control>
	    <control type="togglebutton" id="8016">
		<width>245</width>
		<textoffsetx>5</textoffsetx>
	       <label>Default skin</label>
	       <altlabel>Cricket skin</altlabel>
	       <font>font21</font>
	       <align>left</align>
	       <textcolor>grey</textcolor>
	       <focusedcolor>white</focusedcolor>
	       <onclick lang="python"><![CDATA[
mc.ShowDialogWait()
mc.GetApp().GetLocalConfig().SetValue("pakee_default_skin", 'False')
image = mc.GetActiveWindow().GetImage(7001)
path = mc.GetApp().GetAppMediaDir() + "/media/ba_background_cricket.jpg"
image.SetTexture(path)
mc.HideDialogWait()
]]></onclick>
	       <altclick lang="python"><![CDATA[
mc.ShowDialogWait()
mc.GetApp().GetLocalConfig().SetValue("pakee_default_skin", 'True')
image = mc.GetActiveWindow().GetImage(7001)
path = mc.GetApp().GetAppMediaDir() + "/media/ba_background.jpg"
image.SetTexture(path)
mc.HideDialogWait()
]]></altclick>
	    </control>


	        <control type="label" id="8020">
	            <include>BrowseLeftMenuTitle</include>   
	            <label>Youtube settings:</label>
	        </control>

	   	 <control type="button" id="8025">
			<label>Youtube userid:[CR] $INFO[App.String(user)]</label>
			<width>245</width>
			<height>50</height>
			<textcolor>grey</textcolor>
			<focusedcolor>white</focusedcolor>
			<font>font21</font>
			<align>left</align>

			<onclick>App.SetString(user,,Enter your youtube userid...)</onclick>
			<onclick lang="python"><![CDATA[
import mc
import xbmc

user = xbmc.getInfoLabel('App.String(user)')
if user:
	config = mc.GetApp().GetLocalConfig()
	config.SetValue("user", user)
	mc.GetActiveWindow().GetButton(8002).SetLabel('YouTube userid:[CR]' + user)


]]></onclick>
	 	 
		 </control>

	   	 <control type="togglebutton" id="8030">
			<textoffsetx>5</textoffsetx>
			<include>BrowseLeftMenuToggle</include>
			<selectedcolor>ff707070</selectedcolor>
			<label>Fetch 25 videos/page</label>
			<width>245</width>
			<textcolor>grey</textcolor>
			<focusedcolor>white</focusedcolor>
			<font>font21</font>
			<align>left</align>
			<onclick lang="python"><![CDATA[
mc.GetApp().GetLocalConfig().SetValue("pakee_yt_pagesize", '25')
mc.GetActiveWindow().GetToggleButton(8035).SetSelected(False)


]]></onclick>
	 	 
		 </control>
	   	 <control type="togglebutton" id="8035">
			<textoffsetx>5</textoffsetx>
			<include>BrowseLeftMenuToggle</include>
			<selectedcolor>ff707070</selectedcolor>
			<label>Fetch 50 videos/page</label>
			<width>245</width>
			<textcolor>grey</textcolor>
			<focusedcolor>white</focusedcolor>
			<font>font21</font>
			<align>left</align>
			<onclick lang="python"><![CDATA[
mc.GetApp().GetLocalConfig().SetValue("pakee_yt_pagesize", '50')
mc.GetActiveWindow().GetToggleButton(8030).SetSelected(False)


]]></onclick>
	 	 
		 </control>


	        <control type="label" id="8020">
	            <include>BrowseLeftMenuTitle</include>   
	            <label>Plexee settings:</label>
	        </control>

	   	 <control type="button" id="8025">
			<label>Server IP/host:[CR] $INFO[App.String(hostip)]</label>
			<width>245</width>
			<height>50</height>
			<textcolor>grey</textcolor>
			<focusedcolor>white</focusedcolor>
			<font>font21</font>
			<align>left</align>

			<onclick>App.SetString(hostip,,Enter your Plex server IP/hostname...)</onclick>
			<onclick lang="python"><![CDATA[
import mc
import xbmc

hostip = xbmc.getInfoLabel('App.String(hostip)')
if user:
	config = mc.GetApp().GetLocalConfig()
	config.SetValue("hostip", hostip)
	mc.GetActiveWindow().GetButton(8002).SetLabel('Plex IP:[CR]' + hostip)


]]></onclick>
	 	 
		 </control>

	      </control>
	    </control>

      <include>Common_Now_Playing</include>
    </controls>
</window>