<app>
  <id>com.pakee.pakeenew</id>
  <name>Pakee</name>
  <version>1.1</version>
  <description>Browse media from Pakistan (for Boxee versions 1.5.x onwards)</description>
  <thumb>http://pakee.hopto.org/pakee/pakee.jpg</thumb>
  <repository>http://pakee.googlecode.com/svn/trunk/boxeerepo</repository>
  <repositoryid>com.pakee</repositoryid>
  <media>video</media>
  <copyright>boxee</copyright>
  <email>pakeeapp@gmail.com</email>
  <type>skin</type>
  <startWindow>start</startWindow>
  <platform>all</platform>
  <minversion>1.0.0</minversion>
</app>
