<app>
  <id>com.pakee.pakee</id>
  <name>Pakee</name>
  <version>1.3</version>
  <description>Media from Pakistan channels</description>
  <thumb>http://pakee.hopto.org/pakee/pakee.png</thumb>
  <repository>http://pakee.googlecode.com/svn/trunk/boxeerepo</repository>
  <repositoryid>com.pakee</repositoryid>
  <media>video</media>
  <copyright>boxee</copyright>
  <email>support@boxee.tv</email>
  <type>skin</type>
  <startWindow>start</startWindow>
  <platform>all</platform>
  <minversion>0.9.5</minversion>
  <maxversion>1.4.9</maxversion>
</app>
