<app>
  <id>com.pakee.pakee</id>
  <name>Pakee</name>
  <version>1.5</version>
  <description>Browse media from Pakistan (for Boxee versions prior to 1.5.x)</description>
  <thumb>http://pakee.hopto.org/pakee/pakee.png</thumb>
  <repository>http://pakee.googlecode.com/svn/trunk/boxeerepo</repository>
  <repositoryid>com.pakee</repositoryid>
  <media>video</media>
  <copyright>boxee</copyright>
  <email>support@boxee.tv</email>
  <type>skin</type>
  <startWindow>start</startWindow>
  <platform>all</platform>
  <minversion>0.9.20</minversion>
</app>
